Series;Peak_Temperature;Start_Temperature;End_Temperature;Area
C1_S3;29.34483;18.34483;38.34483;-0.4666099999999993
C1_S3;97.34483;80.34483;106.34483;-0.5721950000000007
C1_S5;55.34483;45.34483;62.34483;0.40358499999999964
C1_S5;110.34483;91.34483;120.34483;0.5151500000000002
C2_S5;55.34483;41.34483;62.34483;0.4465099999999982
C2_S5;110.34483;87.34483;120.34483;0.6301899999999989
C2_S5;55.34483;41.34483;62.34483;0.4465099999999982
C2_S5;110.34483;87.34483;120.34483;0.6301899999999989
